datetime,us_aqi,pm2_5,n_stations
2026-06-01 13:00:00,54,10.5,1
2026-06-02 09:00:00,53,10.0,1
2026-06-04 14:00:00,52,9.51,1
2026-06-05 08:00:00,65,16.7,1
2026-06-05 11:00:00,52,9.89,1
2026-06-05 12:00:00,55,11.4,1
2026-06-05 18:00:00,61,14.6,1
2026-06-05 19:00:00,64,16.0,1
2026-06-06 18:00:00,72,20.5,1
2026-06-08 12:00:00,51,9.08,1
2026-06-09 13:00:00,46,8.21,1
2026-06-10 08:00:00,67,17.8,1
2026-06-10 10:00:00,59,13.6,1
2026-06-10 16:00:00,69,18.7,1
2026-06-11 11:00:00,37,6.62,1
2026-06-12 16:00:00,58,13.1,1
2026-06-12 18:00:00,50,8.92,1
2026-06-13 18:00:00,52,9.51,1
2026-06-13 20:00:00,32,5.79,1
2026-06-14 20:00:00,78,23.8,1
2026-06-17 15:00:00,54,10.8,1
2026-06-17 19:00:00,77,22.8,1
2026-06-19 09:00:00,69,18.9,1
2026-06-19 13:00:00,51,9.05,1
2026-06-19 17:00:00,57,12.2,1
2026-06-20 13:00:00,29,5.31,1
2026-06-24 15:00:00,53,10.3,1
2026-06-25 19:00:00,70,19.3,1
2026-06-27 17:00:00,54,10.8,1
2026-06-28 17:00:00,34,6.07,1
2026-06-29 11:00:00,37,6.73,1
2026-06-30 07:00:00,89,29.6,1
2026-06-30 08:00:00,82,25.7,1
2026-06-30 09:00:00,72,20.3,1
2026-06-30 16:00:00,36,6.46,1
2026-07-02 13:00:00,22,3.9,1
2026-07-03 17:00:00,82,25.6,1
2026-07-03 19:00:00,79,24.3,1
2026-07-04 13:00:00,63,15.8,1
2026-07-04 14:00:00,50,8.97,1
2026-07-04 16:00:00,54,10.5,1
2026-07-04 17:00:00,55,11.2,1
2026-07-04 18:00:00,82,26.0,1
2026-07-05 07:00:00,74,21.3,1
2026-07-05 12:00:00,35,6.3,1
2026-07-05 16:00:00,54,10.5,1
2026-07-05 19:00:00,85,27.4,1
2026-07-06 09:00:00,60,14.1,1
2026-07-06 14:00:00,54,10.9,1
2026-07-06 15:00:00,54,10.6,1
2026-07-06 18:00:00,58,12.6,1
2026-07-09 08:00:00,65,16.6,1
2026-07-11 12:00:00,71,19.8,1
2026-07-11 17:00:00,28,5.06,1
2026-07-11 19:00:00,74,21.6,1
2026-07-11 20:00:00,71,20.1,1
2026-07-12 21:00:00,64,15.9,1
2026-07-12 22:00:00,63,15.6,1
2026-07-13 10:00:00,61,14.6,1
2026-07-13 11:00:00,62,14.8,1
2026-07-13 15:00:00,71,20.1,1
2026-07-13 17:00:00,56,11.9,1
2026-07-13 18:00:00,98,34.2,1
2026-07-13 20:00:00,85,27.1,1
2026-07-14 08:00:00,53,9.93,1
2026-07-14 13:00:00,41,7.41,1
2026-07-14 19:00:00,87,28.4,1
2026-07-14 20:00:00,68,18.2,1
2026-07-15 08:00:00,53,10.3,1
2026-07-15 12:00:00,57,12.3,1
2026-07-15 14:00:00,68,18.0,1
2026-07-15 16:00:00,52,9.62,1
2026-07-15 18:00:00,69,18.7,1
2026-07-15 20:00:00,53,10.4,1
2026-07-16 20:00:00,65,16.7,1
2026-07-17 11:00:00,51,9.26,1
2026-07-17 15:00:00,56,11.6,1
2026-07-18 09:00:00,65,16.4,1
2026-07-18 14:00:00,54,10.6,1
2026-07-18 15:00:00,54,10.7,1
2026-07-18 16:00:00,61,14.6,1
2026-07-18 17:00:00,55,11.2,1
2026-07-18 18:00:00,58,12.7,1
2026-07-18 19:00:00,61,14.2,1
2026-07-19 11:00:00,20,3.59,1
2026-07-21 13:00:00,43,7.8,1
2026-07-22 14:00:00,38,6.82,1
2026-07-23 17:00:00,27,4.9,1
2026-07-24 13:00:00,51,9.11,1
2026-07-27 07:00:00,42,7.51,1
2026-07-27 19:00:00,57,12.2,1
2026-07-28 19:00:00,82,25.8,1
2026-07-29 09:00:00,42,7.61,1
2026-07-29 12:00:00,52,9.57,1
2026-07-29 14:00:00,42,7.59,1
2026-07-30 09:00:00,44,7.87,1
2026-07-30 15:00:00,53,10.0,1
2026-07-30 17:00:00,60,13.8,1
2026-07-30 20:00:00,56,11.6,1
2026-07-30 21:00:00,67,17.9,1
2026-07-31 14:00:00,26,4.72,1
